Team,Player,Wikipedia_Link,Pageviews
Atlanta Hawks,Dominick Barlow,https://en.wikipedia.org/wiki/Dominick_Barlow,37369.0
Atlanta Hawks,Kobe Bufkin,https://en.wikipedia.org/wiki/Kobe_Bufkin,61452.0
Atlanta Hawks,Clint Capela,https://en.wikipedia.org/wiki/Clint_Capela,130402.0
Atlanta Hawks,Dyson Daniels,https://en.wikipedia.org/wiki/Dyson_Daniels,301712.0
Atlanta Hawks,Mouhamed Gueye,https://en.wikipedia.org/wiki/Mouhamed_Gueye,37505.0
Atlanta Hawks,Jalen Johnson,https://en.wikipedia.org/wiki/Jalen_Johnson,186152.0
Atlanta Hawks,Vít Krejčí,https://en.wikipedia.org/wiki/V%C3%ADt_Krej%C4%8D%C3%AD,53508.0
Atlanta Hawks,Caris LeVert,https://en.wikipedia.org/wiki/Caris_LeVert,121715.0
Atlanta Hawks,Terance Mann,https://en.wikipedia.org/wiki/Terance_Mann,102410.0
Atlanta Hawks,Garrison Mathews,https://en.wikipedia.org/wiki/Garrison_Mathews,39986.0
Atlanta Hawks,Larry Nance Jr.,https://en.wikipedia.org/wiki/Larry_Nance_Jr.,173930.0
Atlanta Hawks,Georges Niang,https://en.wikipedia.org/wiki/Georges_Niang,223704.0
Atlanta Hawks,Onyeka Okongwu,https://en.wikipedia.org/wiki/Onyeka_Okongwu,110792.0
Atlanta Hawks,Daeqwon Plowden,https://en.wikipedia.org/wiki/Daeqwon_Plowden,27748.0
Atlanta Hawks,Zaccharie Risacher,https://en.wikipedia.org/wiki/Zaccharie_Risacher,747756.0
Atlanta Hawks,Jacob Toppin,https://en.wikipedia.org/wiki/Jacob_Toppin,197531.0
Atlanta Hawks,Keaton Wallace,https://en.wikipedia.org/wiki/Keaton_Wallace,28586.0
Atlanta Hawks,Trae Young,https://en.wikipedia.org/wiki/Trae_Young,640276.0
Boston Celtics,Jaylen Brown,https://en.wikipedia.org/wiki/Jaylen_Brown,1920374.0
Boston Celtics,Torrey Craig,https://en.wikipedia.org/wiki/Torrey_Craig,107679.0
Boston Celtics,JD Davison,https://en.wikipedia.org/wiki/JD_Davison,79655.0
Boston Celtics,Sam Hauser,https://en.wikipedia.org/wiki/Sam_Hauser,249726.0
Boston Celtics,Jrue Holiday,https://en.wikipedia.org/wiki/Jrue_Holiday,1420294.0
Boston Celtics,Al Horford,https://en.wikipedia.org/wiki/Al_Horford,1187414.0
Boston Celtics,Luke Kornet,https://en.wikipedia.org/wiki/Luke_Kornet,227690.0
Boston Celtics,Miles Norris,https://en.wikipedia.org/wiki/Miles_Norris,5802.0
Boston Celtics,Drew Peterson,https://en.wikipedia.org/wiki/Drew_Peterson_(basketball),88362.0
Boston Celtics,Kristaps Porziņģis,https://en.wikipedia.org/wiki/Kristaps_Porzi%C5%86%C4%A3is,1232667.0
Boston Celtics,Payton Pritchard,https://en.wikipedia.org/wiki/Payton_Pritchard,539468.0
Boston Celtics,Neemias Queta,https://en.wikipedia.org/wiki/Neemias_Queta,201086.0
Boston Celtics,Baylor Scheierman,https://en.wikipedia.org/wiki/Baylor_Scheierman,137343.0
Boston Celtics,Jayson Tatum,https://en.wikipedia.org/wiki/Jayson_Tatum,2805655.0
Boston Celtics,Xavier Tillman Sr.,https://en.wikipedia.org/wiki/Xavier_Tillman,176181.0
Boston Celtics,Jordan Walsh,https://en.wikipedia.org/wiki/Jordan_Walsh,161658.0
Boston Celtics,Derrick White,https://en.wikipedia.org/wiki/Derrick_White,165415.0
Brooklyn Nets,Reece Beekman,https://en.wikipedia.org/wiki/Reece_Beekman,45226.0
Brooklyn Nets,Nic Claxton,https://en.wikipedia.org/wiki/Nic_Claxton,98006.0
Brooklyn Nets,Noah Clowney,https://en.wikipedia.org/wiki/Noah_Clowney,51379.0
Brooklyn Nets,Tyson Etienne,https://en.wikipedia.org/wiki/Tyson_Etienne,5778.0
Brooklyn Nets,Tosan Evbuomwan,https://en.wikipedia.org/wiki/Tosan_Evbuomwan,48730.0
Brooklyn Nets,Cameron Johnson,https://en.wikipedia.org/wiki/Cameron_Johnson,135504.0
Brooklyn Nets,Keon Johnson,"https://en.wikipedia.org/wiki/Keon_Johnson_(basketball,_born_2002)",58927.0
Brooklyn Nets,Maxwell Lewis,https://en.wikipedia.org/wiki/Maxwell_Lewis,61353.0
Brooklyn Nets,Tyrese Martin,https://en.wikipedia.org/wiki/Tyrese_Martin,42112.0
Brooklyn Nets,De'Anthony Melton,https://en.wikipedia.org/wiki/De%27Anthony_Melton,170949.0
Brooklyn Nets,D'Angelo Russell,https://en.wikipedia.org/wiki/D%27Angelo_Russell,728815.0
Brooklyn Nets,Day'Ron Sharpe,https://en.wikipedia.org/wiki/Day%27Ron_Sharpe,48059.0
Brooklyn Nets,Cam Thomas,https://en.wikipedia.org/wiki/Cam_Thomas_(basketball),206770.0
Brooklyn Nets,Trendon Watford,https://en.wikipedia.org/wiki/Trendon_Watford,32633.0
Brooklyn Nets,Dariq Whitehead,https://en.wikipedia.org/wiki/Dariq_Whitehead,64578.0
Brooklyn Nets,Ziaire Williams,https://en.wikipedia.org/wiki/Ziaire_Williams,146005.0
Brooklyn Nets,Jalen Wilson,https://en.wikipedia.org/wiki/Jalen_Wilson,65189.0
Charlotte Hornets,LaMelo Ball,https://en.wikipedia.org/wiki/LaMelo_Ball,1132946.0
Charlotte Hornets,Damion Baugh,https://en.wikipedia.org/wiki/Damion_Baugh,5407.0
Charlotte Hornets,Miles Bridges,https://en.wikipedia.org/wiki/Miles_Bridges,300167.0
Charlotte Hornets,Seth Curry,https://en.wikipedia.org/wiki/Seth_Curry,765713.0
Charlotte Hornets,Moussa Diabaté,https://en.wikipedia.org/wiki/Moussa_Diabat%C3%A9,60595.0
Charlotte Hornets,Malachi Flynn,https://en.wikipedia.org/wiki/Malachi_Flynn,214185.0
Charlotte Hornets,Taj Gibson,https://en.wikipedia.org/wiki/Taj_Gibson,221248.0
Charlotte Hornets,Josh Green,https://en.wikipedia.org/wiki/Josh_Green_(basketball),230544.0
Charlotte Hornets,DaQuan Jeffries,https://en.wikipedia.org/wiki/DaQuan_Jeffries,34700.0
Charlotte Hornets,Tre Mann,https://en.wikipedia.org/wiki/Tre_Mann,156476.0
Charlotte Hornets,Brandon Miller,"https://en.wikipedia.org/wiki/Brandon_Miller_(basketball,_born_2002)",271759.0
Charlotte Hornets,Wendell Moore Jr.,https://en.wikipedia.org/wiki/Wendell_Moore_Jr.,64183.0
Charlotte Hornets,Jusuf Nurkić,https://en.wikipedia.org/wiki/Jusuf_Nurki%C4%87,226532.0
Charlotte Hornets,Josh Okogie,https://en.wikipedia.org/wiki/Josh_Okogie,68533.0
Charlotte Hornets,Tidjane Salaün,https://en.wikipedia.org/wiki/Tidjane_Sala%C3%BCn,155365.0
Charlotte Hornets,KJ Simpson,https://en.wikipedia.org/wiki/KJ_Simpson,29274.0
Charlotte Hornets,Nick Smith Jr.,https://en.wikipedia.org/wiki/Nick_Smith_Jr.,49186.0
Charlotte Hornets,Grant Williams,https://en.wikipedia.org/wiki/Grant_Williams_(basketball),334842.0
Charlotte Hornets,Mark Williams,https://en.wikipedia.org/wiki/Mark_Williams_(basketball),63660.0
Chicago Bulls,Lonzo Ball,https://en.wikipedia.org/wiki/Lonzo_Ball,929933.0
Chicago Bulls,Matas Buzelis,https://en.wikipedia.org/wiki/Matas_Buzelis,402516.0
Chicago Bulls,Jevon Carter,https://en.wikipedia.org/wiki/Jevon_Carter,59577.0
Chicago Bulls,Zach Collins,https://en.wikipedia.org/wiki/Zach_Collins,86069.0
Chicago Bulls,Ayo Dosunmu,https://en.wikipedia.org/wiki/Ayo_Dosunmu,108631.0
Chicago Bulls,Josh Giddey,https://en.wikipedia.org/wiki/Josh_Giddey,885430.0
Chicago Bulls,Talen Horton-Tucker,https://en.wikipedia.org/wiki/Talen_Horton-Tucker,139493.0
Chicago Bulls,Kevin Huerter,https://en.wikipedia.org/wiki/Kevin_Huerter,90581.0
Chicago Bulls,Tre Jones,https://en.wikipedia.org/wiki/Tre_Jones,98886.0
Chicago Bulls,E.J. Liddell,https://en.wikipedia.org/wiki/E._J._Liddell,52855.0
Chicago Bulls,Emanuel Miller,https://en.wikipedia.org/wiki/Emanuel_Miller_(basketball),13901.0
Chicago Bulls,Julian Phillips,https://en.wikipedia.org/wiki/Julian_Phillips_(basketball),51496.0
Chicago Bulls,Jalen Smith,https://en.wikipedia.org/wiki/Jalen_Smith,140357.0
Chicago Bulls,Dalen Terry,https://en.wikipedia.org/wiki/Dalen_Terry,44763.0
Chicago Bulls,Nikola Vučević,https://en.wikipedia.org/wiki/Nikola_Vu%C4%8Devi%C4%87,219835.0
Chicago Bulls,Coby White,https://en.wikipedia.org/wiki/Coby_White,237802.0
Chicago Bulls,Patrick Williams,https://en.wikipedia.org/wiki/Patrick_Williams_(basketball),108320.0
Chicago Bulls,Jahmir Young,https://en.wikipedia.org/wiki/Jahmir_Young,17106.0
Cleveland Cavaliers,Jarrett Allen,https://en.wikipedia.org/wiki/Jarrett_Allen,198404.0
Cleveland Cavaliers,Emoni Bates,https://en.wikipedia.org/wiki/Emoni_Bates,166982.0
Cleveland Cavaliers,Darius Garland,https://en.wikipedia.org/wiki/Darius_Garland,270265.0
Cleveland Cavaliers,Javonte Green,https://en.wikipedia.org/wiki/Javonte_Green,73983.0
Cleveland Cavaliers,De'Andre Hunter,https://en.wikipedia.org/wiki/De%27Andre_Hunter,117928.0
Cleveland Cavaliers,Ty Jerome,https://en.wikipedia.org/wiki/Ty_Jerome,171471.0
Cleveland Cavaliers,Sam Merrill,https://en.wikipedia.org/wiki/Sam_Merrill,123215.0
Cleveland Cavaliers,Donovan Mitchell,https://en.wikipedia.org/wiki/Donovan_Mitchell,794537.0
Cleveland Cavaliers,Evan Mobley,https://en.wikipedia.org/wiki/Evan_Mobley,264940.0
Cleveland Cavaliers,Isaac Okoro,https://en.wikipedia.org/wiki/Isaac_Okoro,107930.0
Cleveland Cavaliers,Craig Porter Jr.,https://en.wikipedia.org/wiki/Craig_Porter_Jr.,54629.0
Cleveland Cavaliers,Max Strus,https://en.wikipedia.org/wiki/Max_Strus,229007.0
Cleveland Cavaliers,Tristan Thompson,https://en.wikipedia.org/wiki/Tristan_Thompson,807390.0
Cleveland Cavaliers,Nae'Qwan Tomlin,https://en.wikipedia.org/wiki/Nae%27Qwan_Tomlin,
Cleveland Cavaliers,Luke Travers,https://en.wikipedia.org/wiki/Luke_Travers,44611.0
Cleveland Cavaliers,Jaylon Tyson,https://en.wikipedia.org/wiki/Jaylon_Tyson,69502.0
Cleveland Cavaliers,Dean Wade,https://en.wikipedia.org/wiki/Dean_Wade,98258.0
Dallas Mavericks,Max Christie,https://en.wikipedia.org/wiki/Max_Christie,802.0
Dallas Mavericks,Anthony Davis,https://en.wikipedia.org/wiki/Anthony_Davis,1149289.0
Dallas Mavericks,Spencer Dinwiddie,https://en.wikipedia.org/wiki/Spencer_Dinwiddie,419818.0
Dallas Mavericks,Kessler Edwards,https://en.wikipedia.org/wiki/Kessler_Edwards,48196.0
Dallas Mavericks,Danté Exum,https://en.wikipedia.org/wiki/Dant%C3%A9_Exum,99902.0
Dallas Mavericks,Daniel Gafford,https://en.wikipedia.org/wiki/Daniel_Gafford,405184.0
Dallas Mavericks,Jaden Hardy,https://en.wikipedia.org/wiki/Jaden_Hardy,107406.0
Dallas Mavericks,Kyrie Irving,https://en.wikipedia.org/wiki/Kyrie_Irving,2957736.0
Dallas Mavericks,Kai Jones,https://en.wikipedia.org/wiki/Kai_Jones,163856.0
Dallas Mavericks,Dereck Lively II,https://en.wikipedia.org/wiki/Dereck_Lively_II,603409.0
Dallas Mavericks,Naji Marshall,https://en.wikipedia.org/wiki/Naji_Marshall,121420.0
Dallas Mavericks,Caleb Martin,https://en.wikipedia.org/wiki/Caleb_Martin_(basketball),201623.0
Dallas Mavericks,Dwight Powell,https://en.wikipedia.org/wiki/Dwight_Powell,152150.0
Dallas Mavericks,Olivier-Maxence Prosper,https://en.wikipedia.org/wiki/Olivier-Maxence_Prosper,76327.0
Dallas Mavericks,Klay Thompson,https://en.wikipedia.org/wiki/Klay_Thompson,1706759.0
Dallas Mavericks,P.J. Washington,https://en.wikipedia.org/wiki/P._J._Washington,590601.0
Dallas Mavericks,Brandon Williams,"https://en.wikipedia.org/wiki/Brandon_Williams_(basketball,_born_1999)",33767.0
Denver Nuggets,Trey Alexander,https://en.wikipedia.org/wiki/Trey_Alexander_(basketball),39449.0
Denver Nuggets,Christian Braun,https://en.wikipedia.org/wiki/Christian_Braun,296789.0
Denver Nuggets,Vlatko Čančar,https://en.wikipedia.org/wiki/Vlatko_%C4%8Can%C4%8Dar,57646.0
Denver Nuggets,Aaron Gordon,https://en.wikipedia.org/wiki/Aaron_Gordon,574510.0
Denver Nuggets,PJ Hall,https://en.wikipedia.org/wiki/PJ_Hall_(basketball),59759.0
Denver Nuggets,DaRon Holmes II,https://en.wikipedia.org/wiki/DaRon_Holmes_II,86092.0
Denver Nuggets,Nikola Jokić,https://en.wikipedia.org/wiki/Nikola_Joki%C4%87,3156198.0
Denver Nuggets,Spencer Jones,https://en.wikipedia.org/wiki/Spencer_Jones_(basketball),7516.0
Denver Nuggets,DeAndre Jordan,https://en.wikipedia.org/wiki/DeAndre_Jordan,398669.0
Denver Nuggets,Jamal Murray,https://en.wikipedia.org/wiki/Jamal_Murray,721924.0
Denver Nuggets,Zeke Nnaji,https://en.wikipedia.org/wiki/Zeke_Nnaji,56689.0
Denver Nuggets,Jalen Pickett,https://en.wikipedia.org/wiki/Jalen_Pickett,40513.0
Denver Nuggets,Michael Porter Jr.,https://en.wikipedia.org/wiki/Michael_Porter_Jr.,713130.0
Denver Nuggets,Dario Šarić,https://en.wikipedia.org/wiki/Dario_%C5%A0ari%C4%87,191527.0
Denver Nuggets,Julian Strawther,https://en.wikipedia.org/wiki/Julian_Strawther,70514.0
Denver Nuggets,Hunter Tyson,https://en.wikipedia.org/wiki/Hunter_Tyson,45422.0
Denver Nuggets,Peyton Watson,https://en.wikipedia.org/wiki/Peyton_Watson,131709.0
Denver Nuggets,Russell Westbrook,https://en.wikipedia.org/wiki/Russell_Westbrook,1529687.0
Detroit Pistons,Malik Beasley,https://en.wikipedia.org/wiki/Malik_Beasley,207307.0
Detroit Pistons,Cade Cunningham,https://en.wikipedia.org/wiki/Cade_Cunningham,377350.0
Detroit Pistons,Jalen Duren,https://en.wikipedia.org/wiki/Jalen_Duren,165916.0
Detroit Pistons,Simone Fontecchio,https://en.wikipedia.org/wiki/Simone_Fontecchio,106579.0
Detroit Pistons,Tim Hardaway Jr.,https://en.wikipedia.org/wiki/Tim_Hardaway_Jr.,322357.0
Detroit Pistons,Ron Harper Jr.,https://en.wikipedia.org/wiki/Ron_Harper_Jr.,121037.0
Detroit Pistons,Tobias Harris,https://en.wikipedia.org/wiki/Tobias_Harris,356689.0
Detroit Pistons,Ron Holland,https://en.wikipedia.org/wiki/Ron_Holland_(basketball),219555.0
Detroit Pistons,Jaden Ivey,https://en.wikipedia.org/wiki/Jaden_Ivey,191353.0
Detroit Pistons,Daniss Jenkins,https://en.wikipedia.org/wiki/Daniss_Jenkins,7354.0
Detroit Pistons,Bobi Klintman,https://en.wikipedia.org/wiki/Bobi_Klintman,88835.0
Detroit Pistons,Paul Reed,https://en.wikipedia.org/wiki/Paul_Reed_(basketball),92866.0
Detroit Pistons,Marcus Sasser,https://en.wikipedia.org/wiki/Marcus_Sasser,60534.0
Detroit Pistons,Dennis Schröder,https://en.wikipedia.org/wiki/Dennis_Schr%C3%B6der,733735.0
Detroit Pistons,Tolu Smith,https://en.wikipedia.org/wiki/Tolu_Smith,3133.0
Detroit Pistons,Isaiah Stewart,https://en.wikipedia.org/wiki/Isaiah_Stewart,142934.0
Detroit Pistons,Ausar Thompson,https://en.wikipedia.org/wiki/Ausar_Thompson,178754.0
Detroit Pistons,Lindy Waters III,https://en.wikipedia.org/wiki/Lindy_Waters_III,257801.0
Golden State Warriors,Taran Armstrong,https://en.wikipedia.org/wiki/Taran_Armstrong,1989.0
Golden State Warriors,Jimmy Butler III,https://en.wikipedia.org/wiki/Jimmy_Butler,1205216.0
Golden State Warriors,Yuri Collins,https://en.wikipedia.org/wiki/Yuri_Collins,8880.0
Golden State Warriors,Stephen Curry,https://en.wikipedia.org/wiki/Stephen_Curry,4915516.0
Golden State Warriors,Draymond Green,https://en.wikipedia.org/wiki/Draymond_Green,885688.0
Golden State Warriors,Buddy Hield,https://en.wikipedia.org/wiki/Buddy_Hield,628306.0
Golden State Warriors,Trayce Jackson-Davis,https://en.wikipedia.org/wiki/Trayce_Jackson-Davis,267835.0
Golden State Warriors,Braxton Key,https://en.wikipedia.org/wiki/Braxton_Key,21670.0
Golden State Warriors,Kevin Knox II,https://en.wikipedia.org/wiki/Kevin_Knox_II,193034.0
Golden State Warriors,Jonathan Kuminga,https://en.wikipedia.org/wiki/Jonathan_Kuminga,433191.0
Golden State Warriors,Kevon Looney,https://en.wikipedia.org/wiki/Kevon_Looney,253437.0
Golden State Warriors,Moses Moody,https://en.wikipedia.org/wiki/Moses_Moody,107797.0
Golden State Warriors,Gary Payton II,https://en.wikipedia.org/wiki/Gary_Payton_II,208138.0
Golden State Warriors,Brandin Podziemski,https://en.wikipedia.org/wiki/Brandin_Podziemski,424726.0
Golden State Warriors,Quinten Post,https://en.wikipedia.org/wiki/Quinten_Post,118066.0
Golden State Warriors,Jackson Rowe,https://en.wikipedia.org/wiki/Jackson_Rowe,4982.0
Golden State Warriors,Gui Santos,https://en.wikipedia.org/wiki/Gui_Santos,106515.0
Golden State Warriors,Pat Spencer,https://en.wikipedia.org/wiki/Pat_Spencer_(basketball),218111.0
Houston Rockets,Steven Adams,https://en.wikipedia.org/wiki/Steven_Adams,512197.0
Houston Rockets,Dillon Brooks,https://en.wikipedia.org/wiki/Dillon_Brooks,293911.0
Houston Rockets,N'Faly Dante,https://en.wikipedia.org/wiki/N%27Faly_Dante,48032.0
Houston Rockets,Tari Eason,https://en.wikipedia.org/wiki/Tari_Eason,79999.0
Houston Rockets,Jalen Green,https://en.wikipedia.org/wiki/Jalen_Green,685326.0
Houston Rockets,Jeff Green,https://en.wikipedia.org/wiki/Jeff_Green_(basketball),222699.0
Houston Rockets,Aaron Holiday,https://en.wikipedia.org/wiki/Aaron_Holiday,158667.0
Houston Rockets,Jock Landale,https://en.wikipedia.org/wiki/Jock_Landale,125776.0
Houston Rockets,Jack McVeigh,https://en.wikipedia.org/wiki/Jack_McVeigh,85332.0
Houston Rockets,David Roddy,https://en.wikipedia.org/wiki/David_Roddy,72808.0
Houston Rockets,Alperen Şengün,https://en.wikipedia.org/wiki/Alperen_%C5%9Eeng%C3%BCn,364111.0
Houston Rockets,Reed Sheppard,https://en.wikipedia.org/wiki/Reed_Sheppard,532888.0
Houston Rockets,Jabari Smith Jr.,https://en.wikipedia.org/wiki/Jabari_Smith_Jr.,197394.0
Houston Rockets,Jae'Sean Tate,https://en.wikipedia.org/wiki/Jae%27Sean_Tate,35767.0
Houston Rockets,Amen Thompson,https://en.wikipedia.org/wiki/Amen_Thompson,229112.0
Houston Rockets,Fred VanVleet,https://en.wikipedia.org/wiki/Fred_VanVleet,231695.0
Houston Rockets,Cam Whitmore,https://en.wikipedia.org/wiki/Cam_Whitmore,136311.0
Houston Rockets,Nate Williams,"https://en.wikipedia.org/wiki/Nate_Williams_(basketball,_born_1999)",15900.0
Indiana Pacers,Tony Bradley,https://en.wikipedia.org/wiki/Tony_Bradley_(basketball),34270.0
Indiana Pacers,Thomas Bryant,https://en.wikipedia.org/wiki/Thomas_Bryant_(basketball),96215.0
Indiana Pacers,RayJ Dennis,https://en.wikipedia.org/wiki/RayJ_Dennis,13660.0
Indiana Pacers,Enrique Freeman,https://en.wikipedia.org/wiki/Enrique_Freeman,39798.0
Indiana Pacers,Johnny Furphy,https://en.wikipedia.org/wiki/Johnny_Furphy,124498.0
Indiana Pacers,Tyrese Haliburton,https://en.wikipedia.org/wiki/Tyrese_Haliburton,1257171.0
Indiana Pacers,Isaiah Jackson,https://en.wikipedia.org/wiki/Isaiah_Jackson_(basketball),62326.0
Indiana Pacers,Quenton Jackson,https://en.wikipedia.org/wiki/Quenton_Jackson,21407.0
Indiana Pacers,James Johnson,"https://en.wikipedia.org/wiki/James_Johnson_(basketball,_born_1987)",272652.0
Indiana Pacers,Bennedict Mathurin,https://en.wikipedia.org/wiki/Bennedict_Mathurin,190917.0
Indiana Pacers,T.J. McConnell,https://en.wikipedia.org/wiki/T._J._McConnell,499212.0
Indiana Pacers,Andrew Nembhard,https://en.wikipedia.org/wiki/Andrew_Nembhard,299905.0
Indiana Pacers,Aaron Nesmith,https://en.wikipedia.org/wiki/Aaron_Nesmith,147642.0
Indiana Pacers,Ben Sheppard,https://en.wikipedia.org/wiki/Ben_Sheppard_(basketball),74614.0
Indiana Pacers,Pascal Siakam,https://en.wikipedia.org/wiki/Pascal_Siakam,640882.0
Indiana Pacers,Obi Toppin,https://en.wikipedia.org/wiki/Obi_Toppin,369970.0
Indiana Pacers,Myles Turner,https://en.wikipedia.org/wiki/Myles_Turner,241653.0
Indiana Pacers,Jarace Walker,https://en.wikipedia.org/wiki/Jarace_Walker,94605.0
Los Angeles Clippers,Patrick Baldwin Jr.,https://en.wikipedia.org/wiki/Patrick_Baldwin_Jr.,60162.0
Los Angeles Clippers,Nicolas Batum,https://en.wikipedia.org/wiki/Nicolas_Batum,337217.0
Los Angeles Clippers,Bogdan Bogdanović,https://en.wikipedia.org/wiki/Bogdan_Bogdanovi%C4%87_(basketball),521472.0
Los Angeles Clippers,Kobe Brown,https://en.wikipedia.org/wiki/Kobe_Brown,43641.0
Los Angeles Clippers,Cam Christie,https://en.wikipedia.org/wiki/Cam_Christie,90400.0
Los Angeles Clippers,Amir Coffey,https://en.wikipedia.org/wiki/Amir_Coffey,62404.0
Los Angeles Clippers,Kris Dunn,https://en.wikipedia.org/wiki/Kris_Dunn,165819.0
Los Angeles Clippers,Drew Eubanks,https://en.wikipedia.org/wiki/Drew_Eubanks,84133.0
Los Angeles Clippers,Trentyn Flowers,https://en.wikipedia.org/wiki/Trentyn_Flowers,28954.0
Los Angeles Clippers,James Harden,https://en.wikipedia.org/wiki/James_Harden,1298340.0
Los Angeles Clippers,Derrick Jones Jr.,https://en.wikipedia.org/wiki/Derrick_Jones_Jr.,278853.0
Los Angeles Clippers,Kawhi Leonard,https://en.wikipedia.org/wiki/Kawhi_Leonard,1241724.0
Los Angeles Clippers,Seth Lundy,https://en.wikipedia.org/wiki/Seth_Lundy,21074.0
Los Angeles Clippers,Jordan Miller,https://en.wikipedia.org/wiki/Jordan_Miller_(basketball),46986.0
Los Angeles Clippers,Patty Mills,https://en.wikipedia.org/wiki/Patty_Mills,474240.0
Los Angeles Clippers,Norman Powell,https://en.wikipedia.org/wiki/Norman_Powell,159193.0
Los Angeles Clippers,Ben Simmons,https://en.wikipedia.org/wiki/Ben_Simmons,1033978.0
Los Angeles Clippers,Ivica Zubac,https://en.wikipedia.org/wiki/Ivica_Zubac,207423.0
Los Angeles Lakers,Luka Dončić,https://en.wikipedia.org/wiki/Luka_Don%C4%8Di%C4%87,3572995.0
Los Angeles Lakers,Dorian Finney-Smith,https://en.wikipedia.org/wiki/Dorian_Finney-Smith,153777.0
Los Angeles Lakers,Jordan Goodwin,https://en.wikipedia.org/wiki/Jordan_Goodwin,44009.0
Los Angeles Lakers,Rui Hachimura,https://en.wikipedia.org/wiki/Rui_Hachimura,637805.0
Los Angeles Lakers,Jaxson Hayes,https://en.wikipedia.org/wiki/Jaxson_Hayes,191380.0
Los Angeles Lakers,LeBron James,https://en.wikipedia.org/wiki/LeBron_James,8373555.0
Los Angeles Lakers,Bronny James,https://en.wikipedia.org/wiki/Bronny_James,3083850.0
Los Angeles Lakers,Trey Jemison,https://en.wikipedia.org/wiki/Trey_Jemison,43061.0
Los Angeles Lakers,Dalton Knecht,https://en.wikipedia.org/wiki/Dalton_Knecht,1080308.0
Los Angeles Lakers,Maxi Kleber,https://en.wikipedia.org/wiki/Maxi_Kleber,111573.0
Los Angeles Lakers,Christian Koloko,https://en.wikipedia.org/wiki/Christian_Koloko,133270.0
Los Angeles Lakers,Alex Len,https://en.wikipedia.org/wiki/Alex_Len,85358.0
Los Angeles Lakers,Shake Milton,https://en.wikipedia.org/wiki/Shake_Milton,144988.0
Los Angeles Lakers,Markieff Morris,https://en.wikipedia.org/wiki/Markieff_Morris,219027.0
Los Angeles Lakers,Austin Reaves,https://en.wikipedia.org/wiki/Austin_Reaves,653280.0
Los Angeles Lakers,Cam Reddish,https://en.wikipedia.org/wiki/Cam_Reddish,177092.0
Los Angeles Lakers,Jarred Vanderbilt,https://en.wikipedia.org/wiki/Jarred_Vanderbilt,141796.0
Los Angeles Lakers,Gabe Vincent,https://en.wikipedia.org/wiki/Gabe_Vincent,129741.0
Memphis Grizzlies,Santi Aldama,https://en.wikipedia.org/wiki/Santi_Aldama,146514.0
Memphis Grizzlies,Marvin Bagley III,https://en.wikipedia.org/wiki/Marvin_Bagley_III,303019.0
Memphis Grizzlies,Desmond Bane,https://en.wikipedia.org/wiki/Desmond_Bane,135968.0
Memphis Grizzlies,Brandon Clarke,https://en.wikipedia.org/wiki/Brandon_Clarke,65648.0
Memphis Grizzlies,Zach Edey,https://en.wikipedia.org/wiki/Zach_Edey,2839417.0
Memphis Grizzlies,Jay Huff,https://en.wikipedia.org/wiki/Jay_Huff,102009.0
Memphis Grizzlies,GG Jackson,https://en.wikipedia.org/wiki/GG_Jackson,314063.0
Memphis Grizzlies,Jaren Jackson Jr.,https://en.wikipedia.org/wiki/Jaren_Jackson_Jr.,250531.0
Memphis Grizzlies,Yuki Kawamura,https://en.wikipedia.org/wiki/Yuki_Kawamura,604296.0
Memphis Grizzlies,Luke Kennard,https://en.wikipedia.org/wiki/Luke_Kennard_(basketball),114254.0
Memphis Grizzlies,John Konchar,https://en.wikipedia.org/wiki/John_Konchar,41685.0
Memphis Grizzlies,Ja Morant,https://en.wikipedia.org/wiki/Ja_Morant,961363.0
Memphis Grizzlies,Scotty Pippen Jr.,https://en.wikipedia.org/wiki/Scotty_Pippen_Jr.,723977.0
Memphis Grizzlies,Zyon Pullin,https://en.wikipedia.org/wiki/Zyon_Pullin,5873.0
Memphis Grizzlies,Cam Spencer,https://en.wikipedia.org/wiki/Cam_Spencer,244242.0
Memphis Grizzlies,Lamar Stevens,https://en.wikipedia.org/wiki/Lamar_Stevens,58191.0
Memphis Grizzlies,Jaylen Wells,https://en.wikipedia.org/wiki/Jaylen_Wells,87997.0
Memphis Grizzlies,Vince Williams Jr.,https://en.wikipedia.org/wiki/Vince_Williams_Jr.,54945.0
Miami Heat,Bam Adebayo,https://en.wikipedia.org/wiki/Bam_Adebayo,802836.0
Miami Heat,Kyle Anderson,https://en.wikipedia.org/wiki/Kyle_Anderson_(basketball),401299.0
Miami Heat,Alec Burks,https://en.wikipedia.org/wiki/Alec_Burks,191543.0
Miami Heat,Josh Christopher,https://en.wikipedia.org/wiki/Josh_Christopher,97898.0
Miami Heat,Tyler Herro,https://en.wikipedia.org/wiki/Tyler_Herro,373894.0
Miami Heat,Haywood Highsmith,https://en.wikipedia.org/wiki/Haywood_Highsmith,61165.0
Miami Heat,Jaime Jaquez Jr.,https://en.wikipedia.org/wiki/Jaime_Jaquez_Jr.,474778.0
Miami Heat,Keshad Johnson,https://en.wikipedia.org/wiki/Keshad_Johnson,37266.0
Miami Heat,Nikola Jović,https://en.wikipedia.org/wiki/Nikola_Jovi%C4%87,325203.0
Miami Heat,Pelle Larsson,https://en.wikipedia.org/wiki/Pelle_Larsson,98496.0
Miami Heat,Kevin Love,https://en.wikipedia.org/wiki/Kevin_Love,617651.0
Miami Heat,Davion Mitchell,https://en.wikipedia.org/wiki/Davion_Mitchell,147664.0
Miami Heat,Duncan Robinson,https://en.wikipedia.org/wiki/Duncan_Robinson,121319.0
Miami Heat,Terry Rozier,https://en.wikipedia.org/wiki/Terry_Rozier,310139.0
Miami Heat,Dru Smith,https://en.wikipedia.org/wiki/Dru_Smith,27592.0
Miami Heat,Isaiah Stevens,https://en.wikipedia.org/wiki/Isaiah_Stevens,16115.0
Miami Heat,Kel'el Ware,https://en.wikipedia.org/wiki/Kel%27el_Ware,138610.0
Miami Heat,Andrew Wiggins,https://en.wikipedia.org/wiki/Andrew_Wiggins,648966.0
Milwaukee Bucks,Giannis Antetokounmpo,https://en.wikipedia.org/wiki/Giannis_Antetokounmpo,2382282.0
Milwaukee Bucks,Jamaree Bouyea,https://en.wikipedia.org/wiki/Jamaree_Bouyea,25909.0
Milwaukee Bucks,Pat Connaughton,https://en.wikipedia.org/wiki/Pat_Connaughton,110713.0
Milwaukee Bucks,A.J. Green,https://en.wikipedia.org/wiki/A._J._Green_(basketball),98982.0
Milwaukee Bucks,Andre Jackson Jr.,https://en.wikipedia.org/wiki/Andre_Jackson_Jr.,99721.0
Milwaukee Bucks,Kyle Kuzma,https://en.wikipedia.org/wiki/Kyle_Kuzma,407767.0
Milwaukee Bucks,Damian Lillard,https://en.wikipedia.org/wiki/Damian_Lillard,996490.0
Milwaukee Bucks,Chris Livingston,https://en.wikipedia.org/wiki/Chris_Livingston,55679.0
Milwaukee Bucks,Brook Lopez,https://en.wikipedia.org/wiki/Brook_Lopez,489908.0
Milwaukee Bucks,Pete Nance,https://en.wikipedia.org/wiki/Pete_Nance,78298.0
Milwaukee Bucks,Kevin Porter Jr.,https://en.wikipedia.org/wiki/Kevin_Porter_Jr.,624014.0
Milwaukee Bucks,Bobby Portis,https://en.wikipedia.org/wiki/Bobby_Portis,198271.0
Milwaukee Bucks,Taurean Prince,https://en.wikipedia.org/wiki/Taurean_Prince,223567.0
Milwaukee Bucks,Ryan Rollins,https://en.wikipedia.org/wiki/Ryan_Rollins,77891.0
Milwaukee Bucks,Jericho Sims,https://en.wikipedia.org/wiki/Jericho_Sims,81321.0
Milwaukee Bucks,Tyler Smith,"https://en.wikipedia.org/wiki/Tyler_Smith_(basketball,_born_2004)",44000.0
Milwaukee Bucks,Gary Trent Jr.,https://en.wikipedia.org/wiki/Gary_Trent_Jr.,145760.0
Milwaukee Bucks,Stanley Umude,https://en.wikipedia.org/wiki/Stanley_Umude,20729.0
Minnesota Timberwolves,Nickeil Alexander-Walker,https://en.wikipedia.org/wiki/Nickeil_Alexander-Walker,251618.0
Minnesota Timberwolves,Jaylen Clark,https://en.wikipedia.org/wiki/Jaylen_Clark,57173.0
Minnesota Timberwolves,Mike Conley Jr.,https://en.wikipedia.org/wiki/Mike_Conley_Jr.,528894.0
Minnesota Timberwolves,Rob Dillingham,https://en.wikipedia.org/wiki/Rob_Dillingham,397918.0
Minnesota Timberwolves,Donte DiVincenzo,https://en.wikipedia.org/wiki/Donte_DiVincenzo,1338366.0
Minnesota Timberwolves,Anthony Edwards,https://en.wikipedia.org/wiki/Anthony_Edwards_(basketball),4199531.0
Minnesota Timberwolves,Jesse Edwards,https://en.wikipedia.org/wiki/Jesse_Edwards_(basketball),29251.0
Minnesota Timberwolves,Luka Garza,https://en.wikipedia.org/wiki/Luka_Garza,285364.0
Minnesota Timberwolves,Rudy Gobert,https://en.wikipedia.org/wiki/Rudy_Gobert,905900.0
Minnesota Timberwolves,Bones Hyland,https://en.wikipedia.org/wiki/Bones_Hyland,109799.0
Minnesota Timberwolves,Joe Ingles,https://en.wikipedia.org/wiki/Joe_Ingles,197207.0
Minnesota Timberwolves,Jaden McDaniels,https://en.wikipedia.org/wiki/Jaden_McDaniels,425242.0
Minnesota Timberwolves,Leonard Miller,https://en.wikipedia.org/wiki/Leonard_Miller_(basketball),59732.0
Minnesota Timberwolves,Josh Minott,https://en.wikipedia.org/wiki/Josh_Minott,39704.0
Minnesota Timberwolves,Tristen Newton,https://en.wikipedia.org/wiki/Tristen_Newton,152894.0
Minnesota Timberwolves,Julius Randle,https://en.wikipedia.org/wiki/Julius_Randle,606738.0
Minnesota Timberwolves,Naz Reid,https://en.wikipedia.org/wiki/Naz_Reid,598083.0
Minnesota Timberwolves,Terrence Shannon Jr.,https://en.wikipedia.org/wiki/Terrence_Shannon_Jr.,263911.0
New Orleans Pelicans,Jose Alvarado,https://en.wikipedia.org/wiki/Jose_Alvarado_(basketball),215643.0
New Orleans Pelicans,Mo Bamba,https://en.wikipedia.org/wiki/Mo_Bamba,299904.0
New Orleans Pelicans,Brandon Boston Jr.,https://en.wikipedia.org/wiki/Brandon_Boston_Jr.,122012.0
New Orleans Pelicans,Keion Brooks Jr.,https://en.wikipedia.org/wiki/Keion_Brooks_Jr.,15982.0
New Orleans Pelicans,Bruce Brown,https://en.wikipedia.org/wiki/Bruce_Brown_(basketball),223517.0
New Orleans Pelicans,Jamal Cain,https://en.wikipedia.org/wiki/Jamal_Cain,25449.0
New Orleans Pelicans,Jordan Hawkins,https://en.wikipedia.org/wiki/Jordan_Hawkins,132218.0
New Orleans Pelicans,Herbert Jones,https://en.wikipedia.org/wiki/Herbert_Jones_(basketball),113128.0
New Orleans Pelicans,Karlo Matković,https://en.wikipedia.org/wiki/Karlo_Matkovi%C4%87,50326.0
New Orleans Pelicans,CJ McCollum,https://en.wikipedia.org/wiki/CJ_McCollum,221513.0
New Orleans Pelicans,Yves Missi,https://en.wikipedia.org/wiki/Yves_Missi,117005.0
New Orleans Pelicans,Trey Murphy III,https://en.wikipedia.org/wiki/Trey_Murphy_III,124202.0
New Orleans Pelicans,Dejounte Murray,https://en.wikipedia.org/wiki/Dejounte_Murray,400689.0
New Orleans Pelicans,Kelly Olynyk,https://en.wikipedia.org/wiki/Kelly_Olynyk,281037.0
New Orleans Pelicans,Lester Quiñones,https://en.wikipedia.org/wiki/Lester_Qui%C3%B1ones,110951.0
New Orleans Pelicans,Antonio Reeves,https://en.wikipedia.org/wiki/Antonio_Reeves,55548.0
New Orleans Pelicans,Jeremiah Robinson-Earl,https://en.wikipedia.org/wiki/Jeremiah_Robinson-Earl,43087.0
New Orleans Pelicans,Zion Williamson,https://en.wikipedia.org/wiki/Zion_Williamson,828669.0
New York Knicks,Precious Achiuwa,https://en.wikipedia.org/wiki/Precious_Achiuwa,278548.0
New York Knicks,OG Anunoby,https://en.wikipedia.org/wiki/OG_Anunoby,505591.0
New York Knicks,MarJon Beauchamp,https://en.wikipedia.org/wiki/MarJon_Beauchamp,100323.0
New York Knicks,Mikal Bridges,https://en.wikipedia.org/wiki/Mikal_Bridges,626194.0
New York Knicks,Jalen Brunson,https://en.wikipedia.org/wiki/Jalen_Brunson,2034271.0
New York Knicks,Pacôme Dadiet,https://en.wikipedia.org/wiki/Pac%C3%B4me_Dadiet,96892.0
New York Knicks,Josh Hart,https://en.wikipedia.org/wiki/Josh_Hart,799765.0
New York Knicks,Ariel Hukporti,https://en.wikipedia.org/wiki/Ariel_Hukporti,111677.0
New York Knicks,Tyler Kolek,https://en.wikipedia.org/wiki/Tyler_Kolek_(basketball),221935.0
New York Knicks,Miles McBride,https://en.wikipedia.org/wiki/Miles_McBride,239650.0
New York Knicks,Kevin McCullar Jr.,https://en.wikipedia.org/wiki/Kevin_McCullar_Jr.,64579.0
New York Knicks,Cameron Payne,https://en.wikipedia.org/wiki/Cameron_Payne,214197.0
New York Knicks,Mitchell Robinson,https://en.wikipedia.org/wiki/Mitchell_Robinson,148500.0
New York Knicks,Landry Shamet,https://en.wikipedia.org/wiki/Landry_Shamet,103913.0
New York Knicks,Karl-Anthony Towns,https://en.wikipedia.org/wiki/Karl-Anthony_Towns,1440101.0
New York Knicks,P.J. Tucker,https://en.wikipedia.org/wiki/P._J._Tucker,276606.0
New York Knicks,Anton Watson,https://en.wikipedia.org/wiki/Anton_Watson,59082.0
New York Knicks,Delon Wright,https://en.wikipedia.org/wiki/Delon_Wright,111007.0
Oklahoma City Thunder,Branden Carlson,https://en.wikipedia.org/wiki/Branden_Carlson,31087.0
Oklahoma City Thunder,Alex Caruso,https://en.wikipedia.org/wiki/Alex_Caruso,445667.0
Oklahoma City Thunder,Ousmane Dieng,https://en.wikipedia.org/wiki/Ousmane_Dieng,81063.0
Oklahoma City Thunder,Luguentz Dort,https://en.wikipedia.org/wiki/Luguentz_Dort,264813.0
Oklahoma City Thunder,Alex Ducas,https://en.wikipedia.org/wiki/Alex_Ducas,16539.0
Oklahoma City Thunder,Adam Flagler,https://en.wikipedia.org/wiki/Adam_Flagler,27024.0
Oklahoma City Thunder,Shai Gilgeous-Alexander,https://en.wikipedia.org/wiki/Shai_Gilgeous-Alexander,1892406.0
Oklahoma City Thunder,Isaiah Hartenstein,https://en.wikipedia.org/wiki/Isaiah_Hartenstein,931465.0
Oklahoma City Thunder,Chet Holmgren,https://en.wikipedia.org/wiki/Chet_Holmgren,930951.0
Oklahoma City Thunder,Isaiah Joe,https://en.wikipedia.org/wiki/Isaiah_Joe,83167.0
Oklahoma City Thunder,Dillon Jones,https://en.wikipedia.org/wiki/Dillon_Jones,59820.0
Oklahoma City Thunder,Ajay Mitchell,https://en.wikipedia.org/wiki/Ajay_Mitchell,74127.0
Oklahoma City Thunder,Nikola Topić,https://en.wikipedia.org/wiki/Nikola_Topi%C4%87,205184.0
Oklahoma City Thunder,Cason Wallace,https://en.wikipedia.org/wiki/Cason_Wallace,131755.0
Oklahoma City Thunder,Aaron Wiggins,https://en.wikipedia.org/wiki/Aaron_Wiggins,167536.0
Oklahoma City Thunder,Jalen Williams,https://en.wikipedia.org/wiki/Jalen_Williams,491577.0
Oklahoma City Thunder,Jaylin Williams,"https://en.wikipedia.org/wiki/Jaylin_Williams_(basketball,_born_2002)",41234.0
Oklahoma City Thunder,Kenrich Williams,https://en.wikipedia.org/wiki/Kenrich_Williams,40414.0
Orlando Magic,Cole Anthony,https://en.wikipedia.org/wiki/Cole_Anthony,148353.0
Orlando Magic,Paolo Banchero,https://en.wikipedia.org/wiki/Paolo_Banchero,885647.0
Orlando Magic,Goga Bitadze,https://en.wikipedia.org/wiki/Goga_Bitadze,151359.0
Orlando Magic,Anthony Black,https://en.wikipedia.org/wiki/Anthony_Black_(basketball),136497.0
Orlando Magic,Kentavious Caldwell-Pope,https://en.wikipedia.org/wiki/Kentavious_Caldwell-Pope,345065.0
Orlando Magic,Wendell Carter Jr.,https://en.wikipedia.org/wiki/Wendell_Carter_Jr.,114079.0
Orlando Magic,Tristan da Silva,https://en.wikipedia.org/wiki/Tristan_da_Silva,169908.0
Orlando Magic,Gary Harris,https://en.wikipedia.org/wiki/Gary_Harris,80132.0
Orlando Magic,Caleb Houstan,https://en.wikipedia.org/wiki/Caleb_Houstan,45663.0
Orlando Magic,Jett Howard,https://en.wikipedia.org/wiki/Jett_Howard,119183.0
Orlando Magic,Jonathan Isaac,https://en.wikipedia.org/wiki/Jonathan_Isaac,173502.0
Orlando Magic,Cory Joseph,https://en.wikipedia.org/wiki/Cory_Joseph,107036.0
Orlando Magic,Mac McClung,https://en.wikipedia.org/wiki/Mac_McClung,768427.0
Orlando Magic,Trevelin Queen,https://en.wikipedia.org/wiki/Trevelin_Queen,30552.0
Orlando Magic,Jalen Suggs,https://en.wikipedia.org/wiki/Jalen_Suggs,500856.0
Orlando Magic,Ethan Thompson,https://en.wikipedia.org/wiki/Ethan_Thompson,30779.0
Orlando Magic,Franz Wagner,https://en.wikipedia.org/wiki/Franz_Wagner_(basketball),458098.0
Orlando Magic,Moritz Wagner,https://en.wikipedia.org/wiki/Moritz_Wagner_(basketball),331780.0
Philadelphia 76ers,Adem Bona,https://en.wikipedia.org/wiki/Adem_Bona,97605.0
Philadelphia 76ers,Jared Butler,https://en.wikipedia.org/wiki/Jared_Butler,60857.0
Philadelphia 76ers,Ricky Council IV,https://en.wikipedia.org/wiki/Ricky_Council_IV,100961.0
Philadelphia 76ers,Jeff Dowtin,https://en.wikipedia.org/wiki/Jeff_Dowtin,32291.0
Philadelphia 76ers,Andre Drummond,https://en.wikipedia.org/wiki/Andre_Drummond,531596.0
Philadelphia 76ers,Justin Edwards,"https://en.wikipedia.org/wiki/Justin_Edwards_(basketball,_born_2003)",70752.0
Philadelphia 76ers,Joel Embiid,https://en.wikipedia.org/wiki/Joel_Embiid,2267283.0
Philadelphia 76ers,Paul George,https://en.wikipedia.org/wiki/Paul_George,1154406.0
Philadelphia 76ers,Eric Gordon,https://en.wikipedia.org/wiki/Eric_Gordon,240337.0
Philadelphia 76ers,Quentin Grimes,https://en.wikipedia.org/wiki/Quentin_Grimes,261536.0
Philadelphia 76ers,Jalen Hood-Schifino,https://en.wikipedia.org/wiki/Jalen_Hood-Schifino,124939.0
Philadelphia 76ers,Kyle Lowry,https://en.wikipedia.org/wiki/Kyle_Lowry,650884.0
Philadelphia 76ers,Tyrese Maxey,https://en.wikipedia.org/wiki/Tyrese_Maxey,614961.0
Philadelphia 76ers,Jared McCain,https://en.wikipedia.org/wiki/Jared_McCain,718788.0
Philadelphia 76ers,Kelly Oubre Jr.,https://en.wikipedia.org/wiki/Kelly_Oubre_Jr.,308059.0
Philadelphia 76ers,Alex Reese,https://en.wikipedia.org/wiki/Alex_Reese,11956.0
Philadelphia 76ers,Lonnie Walker IV,https://en.wikipedia.org/wiki/Lonnie_Walker_IV,236219.0
Philadelphia 76ers,Guerschon Yabusele,https://en.wikipedia.org/wiki/Guerschon_Yabusele,588614.0
Phoenix Suns,Grayson Allen,https://en.wikipedia.org/wiki/Grayson_Allen,372948.0
Phoenix Suns,Bradley Beal,https://en.wikipedia.org/wiki/Bradley_Beal,349771.0
Phoenix Suns,Bol Bol,https://en.wikipedia.org/wiki/Bol_Bol,646784.0
Phoenix Suns,Devin Booker,https://en.wikipedia.org/wiki/Devin_Booker,1234028.0
Phoenix Suns,Jalen Bridges,https://en.wikipedia.org/wiki/Jalen_Bridges,28054.0
Phoenix Suns,Ryan Dunn,https://en.wikipedia.org/wiki/Ryan_Dunn_(basketball),113614.0
Phoenix Suns,Kevin Durant,https://en.wikipedia.org/wiki/Kevin_Durant,3017983.0
Phoenix Suns,Collin Gillespie,https://en.wikipedia.org/wiki/Collin_Gillespie,94425.0
Phoenix Suns,Oso Ighodaro,https://en.wikipedia.org/wiki/Oso_Ighodaro,89484.0
Phoenix Suns,Tyus Jones,https://en.wikipedia.org/wiki/Tyus_Jones,202418.0
Phoenix Suns,Damion Lee,https://en.wikipedia.org/wiki/Damion_Lee,150778.0
Phoenix Suns,Cody Martin,https://en.wikipedia.org/wiki/Cody_Martin_(basketball),102287.0
Phoenix Suns,Vasilije Micić,https://en.wikipedia.org/wiki/Vasilije_Mici%C4%87,274495.0
Phoenix Suns,Monté Morris,https://en.wikipedia.org/wiki/Mont%C3%A9_Morris,125921.0
Phoenix Suns,Royce O'Neale,https://en.wikipedia.org/wiki/Royce_O%27Neale,92268.0
Phoenix Suns,Mason Plumlee,https://en.wikipedia.org/wiki/Mason_Plumlee,186912.0
Phoenix Suns,Nick Richards,https://en.wikipedia.org/wiki/Nick_Richards,336.0
Phoenix Suns,TyTy Washington Jr.,https://en.wikipedia.org/wiki/TyTy_Washington_Jr.,65903.0
Portland Trail Blazers,Deni Avdija,https://en.wikipedia.org/wiki/Deni_Avdija,267874.0
Portland Trail Blazers,Deandre Ayton,https://en.wikipedia.org/wiki/Deandre_Ayton,379316.0
Portland Trail Blazers,Dalano Banton,https://en.wikipedia.org/wiki/Dalano_Banton,108881.0
Portland Trail Blazers,Toumani Camara,https://en.wikipedia.org/wiki/Toumani_Camara,70458.0
Portland Trail Blazers,Sidy Cissoko,https://en.wikipedia.org/wiki/Sidy_Cissoko,42362.0
Portland Trail Blazers,Donovan Clingan,https://en.wikipedia.org/wiki/Donovan_Clingan,592323.0
Portland Trail Blazers,Jerami Grant,https://en.wikipedia.org/wiki/Jerami_Grant,204376.0
Portland Trail Blazers,Scoot Henderson,https://en.wikipedia.org/wiki/Scoot_Henderson,262716.0
Portland Trail Blazers,Bryce McGowens,https://en.wikipedia.org/wiki/Bryce_McGowens,32740.0
Portland Trail Blazers,Justin Minaya,https://en.wikipedia.org/wiki/Justin_Minaya,27620.0
Portland Trail Blazers,Kris Murray,https://en.wikipedia.org/wiki/Kris_Murray,103993.0
Portland Trail Blazers,Duop Reath,https://en.wikipedia.org/wiki/Duop_Reath,152078.0
Portland Trail Blazers,Rayan Rupert,https://en.wikipedia.org/wiki/Rayan_Rupert,34906.0
Portland Trail Blazers,Shaedon Sharpe,https://en.wikipedia.org/wiki/Shaedon_Sharpe,118052.0
Portland Trail Blazers,Anfernee Simons,https://en.wikipedia.org/wiki/Anfernee_Simons,144286.0
Portland Trail Blazers,Matisse Thybulle,https://en.wikipedia.org/wiki/Matisse_Thybulle,142509.0
Portland Trail Blazers,Jabari Walker,https://en.wikipedia.org/wiki/Jabari_Walker,54342.0
Portland Trail Blazers,Robert Williams III,https://en.wikipedia.org/wiki/Robert_Williams_III,154892.0
Sacramento Kings,Devin Carter,https://en.wikipedia.org/wiki/Devin_Carter,127092.0
Sacramento Kings,Isaiah Crawford,https://en.wikipedia.org/wiki/Isaiah_Crawford_(basketball),12178.0
Sacramento Kings,Jae Crowder,https://en.wikipedia.org/wiki/Jae_Crowder,186777.0
Sacramento Kings,DeMar DeRozan,https://en.wikipedia.org/wiki/DeMar_DeRozan,969331.0
Sacramento Kings,Keon Ellis,https://en.wikipedia.org/wiki/Keon_Ellis,91914.0
Sacramento Kings,Markelle Fultz,https://en.wikipedia.org/wiki/Markelle_Fultz,499734.0
Sacramento Kings,Isaac Jones,https://en.wikipedia.org/wiki/Isaac_Jones_(basketball),21226.0
Sacramento Kings,Mason Jones,https://en.wikipedia.org/wiki/Mason_Jones_(basketball),29438.0
Sacramento Kings,Skal Labissière,https://en.wikipedia.org/wiki/Skal_Labissi%C3%A8re,65300.0
Sacramento Kings,Jake LaRavia,https://en.wikipedia.org/wiki/Jake_LaRavia,63970.0
Sacramento Kings,Zach LaVine,https://en.wikipedia.org/wiki/Zach_LaVine,380124.0
Sacramento Kings,Trey Lyles,https://en.wikipedia.org/wiki/Trey_Lyles,110667.0
Sacramento Kings,Doug McDermott,https://en.wikipedia.org/wiki/Doug_McDermott,263955.0
Sacramento Kings,Malik Monk,https://en.wikipedia.org/wiki/Malik_Monk,208734.0
Sacramento Kings,Keegan Murray,https://en.wikipedia.org/wiki/Keegan_Murray,187272.0
Sacramento Kings,Domantas Sabonis,https://en.wikipedia.org/wiki/Domantas_Sabonis,844556.0
Sacramento Kings,Jonas Valančiūnas,https://en.wikipedia.org/wiki/Jonas_Valan%C4%8Di%C5%ABnas,264309.0
San Antonio Spurs,Harrison Barnes,https://en.wikipedia.org/wiki/Harrison_Barnes,350686.0
San Antonio Spurs,Charles Bassey,https://en.wikipedia.org/wiki/Charles_Bassey,39635.0
San Antonio Spurs,Bismack Biyombo,https://en.wikipedia.org/wiki/Bismack_Biyombo,145306.0
San Antonio Spurs,Malaki Branham,https://en.wikipedia.org/wiki/Malaki_Branham,48281.0
San Antonio Spurs,Stephon Castle,https://en.wikipedia.org/wiki/Stephon_Castle,333887.0
San Antonio Spurs,Julian Champagnie,https://en.wikipedia.org/wiki/Julian_Champagnie,92839.0
San Antonio Spurs,David Duke Jr.,https://en.wikipedia.org/wiki/David_Duke_Jr.,32703.0
San Antonio Spurs,De'Aaron Fox,https://en.wikipedia.org/wiki/De%27Aaron_Fox,318861.0
San Antonio Spurs,Harrison Ingram,https://en.wikipedia.org/wiki/Harrison_Ingram,106114.0
San Antonio Spurs,Keldon Johnson,https://en.wikipedia.org/wiki/Keldon_Johnson,143888.0
San Antonio Spurs,Sandro Mamukelashvili,https://en.wikipedia.org/wiki/Sandro_Mamukelashvili,93698.0
San Antonio Spurs,Jordan McLaughlin,https://en.wikipedia.org/wiki/Jordan_McLaughlin,51245.0
San Antonio Spurs,Riley Minix,https://en.wikipedia.org/wiki/Riley_Minix,20616.0
San Antonio Spurs,Chris Paul,https://en.wikipedia.org/wiki/Chris_Paul,1446349.0
San Antonio Spurs,Jeremy Sochan,https://en.wikipedia.org/wiki/Jeremy_Sochan,313068.0
San Antonio Spurs,Devin Vassell,https://en.wikipedia.org/wiki/Devin_Vassell,97230.0
San Antonio Spurs,Victor Wembanyama,https://en.wikipedia.org/wiki/Victor_Wembanyama,3266396.0
San Antonio Spurs,Blake Wesley,https://en.wikipedia.org/wiki/Blake_Wesley_(basketball),45098.0
Toronto Raptors,Ochai Agbaji,https://en.wikipedia.org/wiki/Ochai_Agbaji,182836.0
Toronto Raptors,Scottie Barnes,https://en.wikipedia.org/wiki/Scottie_Barnes,541501.0
Toronto Raptors,RJ Barrett,https://en.wikipedia.org/wiki/RJ_Barrett,533762.0
Toronto Raptors,Jamison Battle,https://en.wikipedia.org/wiki/Jamison_Battle,63500.0
Toronto Raptors,Chris Boucher,https://en.wikipedia.org/wiki/Chris_Boucher_(basketball),116669.0
Toronto Raptors,Colin Castleton,https://en.wikipedia.org/wiki/Colin_Castleton,69888.0
Toronto Raptors,Ulrich Chomche,https://en.wikipedia.org/wiki/Ulrich_Chomche,82315.0
Toronto Raptors,Gradey Dick,https://en.wikipedia.org/wiki/Gradey_Dick,339096.0
Toronto Raptors,Brandon Ingram,https://en.wikipedia.org/wiki/Brandon_Ingram,346297.0
Toronto Raptors,A.J. Lawson,https://en.wikipedia.org/wiki/A._J._Lawson,43917.0
Toronto Raptors,Jonathan Mogbo,https://en.wikipedia.org/wiki/Jonathan_Mogbo,66978.0
Toronto Raptors,Jakob Pöltl,https://en.wikipedia.org/wiki/Jakob_P%C3%B6ltl,126538.0
Toronto Raptors,Immanuel Quickley,https://en.wikipedia.org/wiki/Immanuel_Quickley,192826.0
Toronto Raptors,Jared Rhoden,https://en.wikipedia.org/wiki/Jared_Rhoden,17829.0
Toronto Raptors,Orlando Robinson,https://en.wikipedia.org/wiki/Orlando_Robinson,34971.0
Toronto Raptors,Jamal Shead,https://en.wikipedia.org/wiki/Jamal_Shead,113781.0
Toronto Raptors,Garrett Temple,https://en.wikipedia.org/wiki/Garrett_Temple,105392.0
Toronto Raptors,Ja'Kobe Walter,https://en.wikipedia.org/wiki/Ja%27Kobe_Walter,96552.0
Utah Jazz,Jordan Clarkson,https://en.wikipedia.org/wiki/Jordan_Clarkson,354153.0
Utah Jazz,Isaiah Collier,https://en.wikipedia.org/wiki/Isaiah_Collier,119353.0
Utah Jazz,John Collins,https://en.wikipedia.org/wiki/John_Collins_(basketball),112369.0
Utah Jazz,Kyle Filipowski,https://en.wikipedia.org/wiki/Kyle_Filipowski,545941.0
Utah Jazz,Keyonte George,https://en.wikipedia.org/wiki/Keyonte_George,121647.0
Utah Jazz,Elijah Harkless,https://en.wikipedia.org/wiki/Elijah_Harkless,3481.0
Utah Jazz,Taylor Hendricks,https://en.wikipedia.org/wiki/Taylor_Hendricks,78429.0
Utah Jazz,Johnny Juzang,https://en.wikipedia.org/wiki/Johnny_Juzang,106503.0
Utah Jazz,Walker Kessler,https://en.wikipedia.org/wiki/Walker_Kessler,179857.0
Utah Jazz,Lauri Markkanen,https://en.wikipedia.org/wiki/Lauri_Markkanen,492484.0
Utah Jazz,Kenyon Martin Jr.,https://en.wikipedia.org/wiki/Kenyon_Martin_Jr.,187683.0
Utah Jazz,Sviatoslav Mykhailiuk,https://en.wikipedia.org/wiki/Sviatoslav_Mykhailiuk,132193.0
Utah Jazz,Micah Potter,https://en.wikipedia.org/wiki/Micah_Potter,59478.0
Utah Jazz,Brice Sensabaugh,https://en.wikipedia.org/wiki/Brice_Sensabaugh,47367.0
Utah Jazz,Collin Sexton,https://en.wikipedia.org/wiki/Collin_Sexton,175679.0
Utah Jazz,Jaden Springer,https://en.wikipedia.org/wiki/Jaden_Springer,137781.0
Utah Jazz,Oscar Tshiebwe,https://en.wikipedia.org/wiki/Oscar_Tshiebwe,123814.0
Utah Jazz,Cody Williams,https://en.wikipedia.org/wiki/Cody_Williams,182639.0
Washington Wizards,Saddiq Bey,https://en.wikipedia.org/wiki/Saddiq_Bey,113686.0
Washington Wizards,Malcolm Brogdon,https://en.wikipedia.org/wiki/Malcolm_Brogdon,283297.0
Washington Wizards,Bub Carrington,https://en.wikipedia.org/wiki/Bub_Carrington,98507.0
Washington Wizards,Justin Champagnie,https://en.wikipedia.org/wiki/Justin_Champagnie,76914.0
Washington Wizards,Bilal Coulibaly,https://en.wikipedia.org/wiki/Bilal_Coulibaly,209238.0
Washington Wizards,Kyshawn George,https://en.wikipedia.org/wiki/Kyshawn_George,120216.0
Washington Wizards,Anthony Gill,https://en.wikipedia.org/wiki/Anthony_Gill_(basketball),32740.0
Washington Wizards,Richaun Holmes,https://en.wikipedia.org/wiki/Richaun_Holmes,68113.0
Washington Wizards,AJ Johnson,https://en.wikipedia.org/wiki/AJ_Johnson_(basketball),59665.0
Washington Wizards,Colby Jones,https://en.wikipedia.org/wiki/Colby_Jones,30251.0
Washington Wizards,Corey Kispert,https://en.wikipedia.org/wiki/Corey_Kispert,79002.0
Washington Wizards,Jaylen Martin,https://en.wikipedia.org/wiki/Jaylen_Martin,19659.0
Washington Wizards,Khris Middleton,https://en.wikipedia.org/wiki/Khris_Middleton,251117.0
Washington Wizards,Jordan Poole,https://en.wikipedia.org/wiki/Jordan_Poole,392527.0
Washington Wizards,Alex Sarr,https://en.wikipedia.org/wiki/Alex_Sarr,186572.0
Washington Wizards,Marcus Smart,https://en.wikipedia.org/wiki/Marcus_Smart,359563.0
Washington Wizards,JT Thor,https://en.wikipedia.org/wiki/JT_Thor,153500.0
Washington Wizards,Tristan Vukčević,https://en.wikipedia.org/wiki/Tristan_Vuk%C4%8Devi%C4%87,111985.0
